model,updates,validation_l1,successes,episodes,model_forward_latency_ms,deployment_parameters,policy_file_bytes
500m,500,0.24736328877718688,4,8,50.918450113385916,462083000,924334435
500m,1000,0.22177667270845441,7,8,50.82949581556022,462083000,924334499
500m,2000,0.19382546585096452,7,8,50.943845976144075,462083000,924334499
1b,500,0.2444483404778327,7,8,77.20237071625888,1002860600,2006060822
1b,1000,0.22397507059929975,6,8,77.12751659564674,1002860600,2006060886
1b,2000,0.19326426583044168,7,8,77.20912098884583,1002860600,2006060886
2b,500,0.24815781943339416,5,8,125.12890417128803,1995924920,3992506357
2b,1000,0.22345977613878487,7,8,124.7622708324343,1995924920,3992506421
2b,2000,0.1945885465809362,7,8,125.5550789879635,1995924920,3992506421
